{"Validation/step": 792, "Validation/accuracy": 68.17555147058823, "_timestamp": 1651263597, "_runtime": 21, "_step": 863, "Training/step": 863, "Training/loss": 1.4769244194030762, "Training/accuracy": 58.59375}